"","SITE","SEASON","SAMPLING_PERIOD","SP","CAPTURES"
"757",1,"Summer",1,"Anoura_caudifer",0
"771",1,"Summer",2,"Anoura_caudifer",0
"758",2,"Summer",1,"Anoura_caudifer",0
"772",2,"Summer",2,"Anoura_caudifer",0
"759",3,"Summer",1,"Anoura_caudifer",0
"773",3,"Summer",2,"Anoura_caudifer",0
"760",4,"Summer",1,"Anoura_caudifer",0
"774",4,"Summer",2,"Anoura_caudifer",0
"761",5,"Summer",1,"Anoura_caudifer",0
"775",5,"Summer",2,"Anoura_caudifer",0
"762",6,"Summer",1,"Anoura_caudifer",0
"776",6,"Summer",2,"Anoura_caudifer",0
"763",7,"Summer",1,"Anoura_caudifer",0
"777",7,"Summer",2,"Anoura_caudifer",0
"764",8,"Summer",1,"Anoura_caudifer",0
"778",8,"Summer",2,"Anoura_caudifer",0
"765",9,"Summer",1,"Anoura_caudifer",0
"779",9,"Summer",2,"Anoura_caudifer",0
"766",10,"Summer",1,"Anoura_caudifer",1
"780",10,"Summer",2,"Anoura_caudifer",0
"767",11,"Summer",1,"Anoura_caudifer",0
"781",11,"Summer",2,"Anoura_caudifer",0
"768",12,"Summer",1,"Anoura_caudifer",0
"782",12,"Summer",2,"Anoura_caudifer",0
"769",13,"Summer",1,"Anoura_caudifer",0
"783",13,"Summer",2,"Anoura_caudifer",0
"770",14,"Summer",1,"Anoura_caudifer",0
"784",14,"Summer",2,"Anoura_caudifer",0
"1",1,"Winter",1,"Anoura_caudifer",0
"15",1,"Winter",2,"Anoura_caudifer",0
"2",2,"Winter",1,"Anoura_caudifer",0
"16",2,"Winter",2,"Anoura_caudifer",0
"3",3,"Winter",1,"Anoura_caudifer",NA
"17",3,"Winter",2,"Anoura_caudifer",NA
"4",4,"Winter",1,"Anoura_caudifer",0
"18",4,"Winter",2,"Anoura_caudifer",0
"5",5,"Winter",1,"Anoura_caudifer",0
"19",5,"Winter",2,"Anoura_caudifer",0
"6",6,"Winter",1,"Anoura_caudifer",NA
"20",6,"Winter",2,"Anoura_caudifer",NA
"7",7,"Winter",1,"Anoura_caudifer",0
"21",7,"Winter",2,"Anoura_caudifer",0
"8",8,"Winter",1,"Anoura_caudifer",0
"22",8,"Winter",2,"Anoura_caudifer",0
"9",9,"Winter",1,"Anoura_caudifer",1
"23",9,"Winter",2,"Anoura_caudifer",0
"10",10,"Winter",1,"Anoura_caudifer",NA
"24",10,"Winter",2,"Anoura_caudifer",NA
"11",11,"Winter",1,"Anoura_caudifer",0
"25",11,"Winter",2,"Anoura_caudifer",0
"12",12,"Winter",1,"Anoura_caudifer",0
"26",12,"Winter",2,"Anoura_caudifer",0
"13",13,"Winter",1,"Anoura_caudifer",2
"27",13,"Winter",2,"Anoura_caudifer",0
"14",14,"Winter",1,"Anoura_caudifer",0
"28",14,"Winter",2,"Anoura_caudifer",0
"785",1,"Summer",1,"Anoura_geoffroyi",0
"799",1,"Summer",2,"Anoura_geoffroyi",0
"786",2,"Summer",1,"Anoura_geoffroyi",0
"800",2,"Summer",2,"Anoura_geoffroyi",0
"787",3,"Summer",1,"Anoura_geoffroyi",0
"801",3,"Summer",2,"Anoura_geoffroyi",0
"788",4,"Summer",1,"Anoura_geoffroyi",0
"802",4,"Summer",2,"Anoura_geoffroyi",0
"789",5,"Summer",1,"Anoura_geoffroyi",0
"803",5,"Summer",2,"Anoura_geoffroyi",0
"790",6,"Summer",1,"Anoura_geoffroyi",0
"804",6,"Summer",2,"Anoura_geoffroyi",0
"791",7,"Summer",1,"Anoura_geoffroyi",0
"805",7,"Summer",2,"Anoura_geoffroyi",0
"792",8,"Summer",1,"Anoura_geoffroyi",0
"806",8,"Summer",2,"Anoura_geoffroyi",0
"793",9,"Summer",1,"Anoura_geoffroyi",2
"807",9,"Summer",2,"Anoura_geoffroyi",1
"794",10,"Summer",1,"Anoura_geoffroyi",0
"808",10,"Summer",2,"Anoura_geoffroyi",0
"795",11,"Summer",1,"Anoura_geoffroyi",0
"809",11,"Summer",2,"Anoura_geoffroyi",0
"796",12,"Summer",1,"Anoura_geoffroyi",0
"810",12,"Summer",2,"Anoura_geoffroyi",0
"797",13,"Summer",1,"Anoura_geoffroyi",0
"811",13,"Summer",2,"Anoura_geoffroyi",0
"798",14,"Summer",1,"Anoura_geoffroyi",0
"812",14,"Summer",2,"Anoura_geoffroyi",0
"29",1,"Winter",1,"Anoura_geoffroyi",0
"43",1,"Winter",2,"Anoura_geoffroyi",0
"30",2,"Winter",1,"Anoura_geoffroyi",0
"44",2,"Winter",2,"Anoura_geoffroyi",0
"31",3,"Winter",1,"Anoura_geoffroyi",NA
"45",3,"Winter",2,"Anoura_geoffroyi",NA
"32",4,"Winter",1,"Anoura_geoffroyi",0
"46",4,"Winter",2,"Anoura_geoffroyi",0
"33",5,"Winter",1,"Anoura_geoffroyi",0
"47",5,"Winter",2,"Anoura_geoffroyi",0
"34",6,"Winter",1,"Anoura_geoffroyi",NA
"48",6,"Winter",2,"Anoura_geoffroyi",NA
"35",7,"Winter",1,"Anoura_geoffroyi",0
"49",7,"Winter",2,"Anoura_geoffroyi",0
"36",8,"Winter",1,"Anoura_geoffroyi",0
"50",8,"Winter",2,"Anoura_geoffroyi",0
"37",9,"Winter",1,"Anoura_geoffroyi",4
"51",9,"Winter",2,"Anoura_geoffroyi",1
"38",10,"Winter",1,"Anoura_geoffroyi",NA
"52",10,"Winter",2,"Anoura_geoffroyi",NA
"39",11,"Winter",1,"Anoura_geoffroyi",0
"53",11,"Winter",2,"Anoura_geoffroyi",0
"40",12,"Winter",1,"Anoura_geoffroyi",0
"54",12,"Winter",2,"Anoura_geoffroyi",0
"41",13,"Winter",1,"Anoura_geoffroyi",0
"55",13,"Winter",2,"Anoura_geoffroyi",0
"42",14,"Winter",1,"Anoura_geoffroyi",1
"56",14,"Winter",2,"Anoura_geoffroyi",0
"813",1,"Summer",1,"Artibeus_fimbriatus",0
"827",1,"Summer",2,"Artibeus_fimbriatus",0
"814",2,"Summer",1,"Artibeus_fimbriatus",0
"828",2,"Summer",2,"Artibeus_fimbriatus",0
"815",3,"Summer",1,"Artibeus_fimbriatus",0
"829",3,"Summer",2,"Artibeus_fimbriatus",0
"816",4,"Summer",1,"Artibeus_fimbriatus",0
"830",4,"Summer",2,"Artibeus_fimbriatus",0
"817",5,"Summer",1,"Artibeus_fimbriatus",0
"831",5,"Summer",2,"Artibeus_fimbriatus",0
"818",6,"Summer",1,"Artibeus_fimbriatus",0
"832",6,"Summer",2,"Artibeus_fimbriatus",0
"819",7,"Summer",1,"Artibeus_fimbriatus",0
"833",7,"Summer",2,"Artibeus_fimbriatus",0
"820",8,"Summer",1,"Artibeus_fimbriatus",0
"834",8,"Summer",2,"Artibeus_fimbriatus",0
"821",9,"Summer",1,"Artibeus_fimbriatus",0
"835",9,"Summer",2,"Artibeus_fimbriatus",0
"822",10,"Summer",1,"Artibeus_fimbriatus",0
"836",10,"Summer",2,"Artibeus_fimbriatus",2
"823",11,"Summer",1,"Artibeus_fimbriatus",4
"837",11,"Summer",2,"Artibeus_fimbriatus",0
"824",12,"Summer",1,"Artibeus_fimbriatus",3
"838",12,"Summer",2,"Artibeus_fimbriatus",2
"825",13,"Summer",1,"Artibeus_fimbriatus",5
"839",13,"Summer",2,"Artibeus_fimbriatus",1
"826",14,"Summer",1,"Artibeus_fimbriatus",1
"840",14,"Summer",2,"Artibeus_fimbriatus",3
"57",1,"Winter",1,"Artibeus_fimbriatus",0
"71",1,"Winter",2,"Artibeus_fimbriatus",0
"58",2,"Winter",1,"Artibeus_fimbriatus",0
"72",2,"Winter",2,"Artibeus_fimbriatus",0
"59",3,"Winter",1,"Artibeus_fimbriatus",NA
"73",3,"Winter",2,"Artibeus_fimbriatus",NA
"60",4,"Winter",1,"Artibeus_fimbriatus",0
"74",4,"Winter",2,"Artibeus_fimbriatus",0
"61",5,"Winter",1,"Artibeus_fimbriatus",0
"75",5,"Winter",2,"Artibeus_fimbriatus",0
"62",6,"Winter",1,"Artibeus_fimbriatus",NA
"76",6,"Winter",2,"Artibeus_fimbriatus",NA
"63",7,"Winter",1,"Artibeus_fimbriatus",0
"77",7,"Winter",2,"Artibeus_fimbriatus",0
"64",8,"Winter",1,"Artibeus_fimbriatus",0
"78",8,"Winter",2,"Artibeus_fimbriatus",0
"65",9,"Winter",1,"Artibeus_fimbriatus",0
"79",9,"Winter",2,"Artibeus_fimbriatus",0
"66",10,"Winter",1,"Artibeus_fimbriatus",NA
"80",10,"Winter",2,"Artibeus_fimbriatus",NA
"67",11,"Winter",1,"Artibeus_fimbriatus",0
"81",11,"Winter",2,"Artibeus_fimbriatus",0
"68",12,"Winter",1,"Artibeus_fimbriatus",0
"82",12,"Winter",2,"Artibeus_fimbriatus",0
"69",13,"Winter",1,"Artibeus_fimbriatus",1
"83",13,"Winter",2,"Artibeus_fimbriatus",0
"70",14,"Winter",1,"Artibeus_fimbriatus",0
"84",14,"Winter",2,"Artibeus_fimbriatus",0
"841",1,"Summer",1,"Artibeus_lituratus",0
"855",1,"Summer",2,"Artibeus_lituratus",0
"842",2,"Summer",1,"Artibeus_lituratus",0
"856",2,"Summer",2,"Artibeus_lituratus",0
"843",3,"Summer",1,"Artibeus_lituratus",0
"857",3,"Summer",2,"Artibeus_lituratus",0
"844",4,"Summer",1,"Artibeus_lituratus",0
"858",4,"Summer",2,"Artibeus_lituratus",0
"845",5,"Summer",1,"Artibeus_lituratus",0
"859",5,"Summer",2,"Artibeus_lituratus",0
"846",6,"Summer",1,"Artibeus_lituratus",0
"860",6,"Summer",2,"Artibeus_lituratus",0
"847",7,"Summer",1,"Artibeus_lituratus",0
"861",7,"Summer",2,"Artibeus_lituratus",0
"848",8,"Summer",1,"Artibeus_lituratus",0
"862",8,"Summer",2,"Artibeus_lituratus",0
"849",9,"Summer",1,"Artibeus_lituratus",0
"863",9,"Summer",2,"Artibeus_lituratus",0
"850",10,"Summer",1,"Artibeus_lituratus",0
"864",10,"Summer",2,"Artibeus_lituratus",0
"851",11,"Summer",1,"Artibeus_lituratus",0
"865",11,"Summer",2,"Artibeus_lituratus",0
"852",12,"Summer",1,"Artibeus_lituratus",0
"866",12,"Summer",2,"Artibeus_lituratus",0
"853",13,"Summer",1,"Artibeus_lituratus",1
"867",13,"Summer",2,"Artibeus_lituratus",0
"854",14,"Summer",1,"Artibeus_lituratus",1
"868",14,"Summer",2,"Artibeus_lituratus",1
"85",1,"Winter",1,"Artibeus_lituratus",0
"99",1,"Winter",2,"Artibeus_lituratus",0
"86",2,"Winter",1,"Artibeus_lituratus",0
"100",2,"Winter",2,"Artibeus_lituratus",0
"87",3,"Winter",1,"Artibeus_lituratus",NA
"101",3,"Winter",2,"Artibeus_lituratus",NA
"88",4,"Winter",1,"Artibeus_lituratus",0
"102",4,"Winter",2,"Artibeus_lituratus",0
"89",5,"Winter",1,"Artibeus_lituratus",0
"103",5,"Winter",2,"Artibeus_lituratus",0
"90",6,"Winter",1,"Artibeus_lituratus",NA
"104",6,"Winter",2,"Artibeus_lituratus",NA
"91",7,"Winter",1,"Artibeus_lituratus",0
"105",7,"Winter",2,"Artibeus_lituratus",0
"92",8,"Winter",1,"Artibeus_lituratus",0
"106",8,"Winter",2,"Artibeus_lituratus",0
"93",9,"Winter",1,"Artibeus_lituratus",0
"107",9,"Winter",2,"Artibeus_lituratus",0
"94",10,"Winter",1,"Artibeus_lituratus",NA
"108",10,"Winter",2,"Artibeus_lituratus",NA
"95",11,"Winter",1,"Artibeus_lituratus",0
"109",11,"Winter",2,"Artibeus_lituratus",0
"96",12,"Winter",1,"Artibeus_lituratus",0
"110",12,"Winter",2,"Artibeus_lituratus",0
"97",13,"Winter",1,"Artibeus_lituratus",0
"111",13,"Winter",2,"Artibeus_lituratus",0
"98",14,"Winter",1,"Artibeus_lituratus",0
"112",14,"Winter",2,"Artibeus_lituratus",0
"869",1,"Summer",1,"Carollia_perspicillata",0
"883",1,"Summer",2,"Carollia_perspicillata",0
"870",2,"Summer",1,"Carollia_perspicillata",0
"884",2,"Summer",2,"Carollia_perspicillata",0
"871",3,"Summer",1,"Carollia_perspicillata",0
"885",3,"Summer",2,"Carollia_perspicillata",0
"872",4,"Summer",1,"Carollia_perspicillata",0
"886",4,"Summer",2,"Carollia_perspicillata",0
"873",5,"Summer",1,"Carollia_perspicillata",0
"887",5,"Summer",2,"Carollia_perspicillata",0
"874",6,"Summer",1,"Carollia_perspicillata",0
"888",6,"Summer",2,"Carollia_perspicillata",0
"875",7,"Summer",1,"Carollia_perspicillata",0
"889",7,"Summer",2,"Carollia_perspicillata",0
"876",8,"Summer",1,"Carollia_perspicillata",0
"890",8,"Summer",2,"Carollia_perspicillata",0
"877",9,"Summer",1,"Carollia_perspicillata",1
"891",9,"Summer",2,"Carollia_perspicillata",1
"878",10,"Summer",1,"Carollia_perspicillata",2
"892",10,"Summer",2,"Carollia_perspicillata",0
"879",11,"Summer",1,"Carollia_perspicillata",0
"893",11,"Summer",2,"Carollia_perspicillata",0
"880",12,"Summer",1,"Carollia_perspicillata",2
"894",12,"Summer",2,"Carollia_perspicillata",0
"881",13,"Summer",1,"Carollia_perspicillata",3
"895",13,"Summer",2,"Carollia_perspicillata",5
"882",14,"Summer",1,"Carollia_perspicillata",0
"896",14,"Summer",2,"Carollia_perspicillata",0
"113",1,"Winter",1,"Carollia_perspicillata",0
"127",1,"Winter",2,"Carollia_perspicillata",0
"114",2,"Winter",1,"Carollia_perspicillata",0
"128",2,"Winter",2,"Carollia_perspicillata",0
"115",3,"Winter",1,"Carollia_perspicillata",NA
"129",3,"Winter",2,"Carollia_perspicillata",NA
"116",4,"Winter",1,"Carollia_perspicillata",0
"130",4,"Winter",2,"Carollia_perspicillata",0
"117",5,"Winter",1,"Carollia_perspicillata",0
"131",5,"Winter",2,"Carollia_perspicillata",0
"118",6,"Winter",1,"Carollia_perspicillata",NA
"132",6,"Winter",2,"Carollia_perspicillata",NA
"119",7,"Winter",1,"Carollia_perspicillata",0
"133",7,"Winter",2,"Carollia_perspicillata",0
"120",8,"Winter",1,"Carollia_perspicillata",0
"134",8,"Winter",2,"Carollia_perspicillata",0
"121",9,"Winter",1,"Carollia_perspicillata",0
"135",9,"Winter",2,"Carollia_perspicillata",0
"122",10,"Winter",1,"Carollia_perspicillata",NA
"136",10,"Winter",2,"Carollia_perspicillata",NA
"123",11,"Winter",1,"Carollia_perspicillata",2
"137",11,"Winter",2,"Carollia_perspicillata",0
"124",12,"Winter",1,"Carollia_perspicillata",1
"138",12,"Winter",2,"Carollia_perspicillata",2
"125",13,"Winter",1,"Carollia_perspicillata",0
"139",13,"Winter",2,"Carollia_perspicillata",0
"126",14,"Winter",1,"Carollia_perspicillata",0
"140",14,"Winter",2,"Carollia_perspicillata",0
"897",1,"Summer",1,"Chrotopterus_auritus",0
"911",1,"Summer",2,"Chrotopterus_auritus",0
"898",2,"Summer",1,"Chrotopterus_auritus",0
"912",2,"Summer",2,"Chrotopterus_auritus",0
"899",3,"Summer",1,"Chrotopterus_auritus",0
"913",3,"Summer",2,"Chrotopterus_auritus",0
"900",4,"Summer",1,"Chrotopterus_auritus",0
"914",4,"Summer",2,"Chrotopterus_auritus",0
"901",5,"Summer",1,"Chrotopterus_auritus",0
"915",5,"Summer",2,"Chrotopterus_auritus",0
"902",6,"Summer",1,"Chrotopterus_auritus",0
"916",6,"Summer",2,"Chrotopterus_auritus",0
"903",7,"Summer",1,"Chrotopterus_auritus",0
"917",7,"Summer",2,"Chrotopterus_auritus",0
"904",8,"Summer",1,"Chrotopterus_auritus",2
"918",8,"Summer",2,"Chrotopterus_auritus",0
"905",9,"Summer",1,"Chrotopterus_auritus",0
"919",9,"Summer",2,"Chrotopterus_auritus",0
"906",10,"Summer",1,"Chrotopterus_auritus",0
"920",10,"Summer",2,"Chrotopterus_auritus",0
"907",11,"Summer",1,"Chrotopterus_auritus",0
"921",11,"Summer",2,"Chrotopterus_auritus",0
"908",12,"Summer",1,"Chrotopterus_auritus",0
"922",12,"Summer",2,"Chrotopterus_auritus",0
"909",13,"Summer",1,"Chrotopterus_auritus",0
"923",13,"Summer",2,"Chrotopterus_auritus",0
"910",14,"Summer",1,"Chrotopterus_auritus",0
"924",14,"Summer",2,"Chrotopterus_auritus",0
"141",1,"Winter",1,"Chrotopterus_auritus",0
"155",1,"Winter",2,"Chrotopterus_auritus",0
"142",2,"Winter",1,"Chrotopterus_auritus",0
"156",2,"Winter",2,"Chrotopterus_auritus",0
"143",3,"Winter",1,"Chrotopterus_auritus",NA
"157",3,"Winter",2,"Chrotopterus_auritus",NA
"144",4,"Winter",1,"Chrotopterus_auritus",0
"158",4,"Winter",2,"Chrotopterus_auritus",0
"145",5,"Winter",1,"Chrotopterus_auritus",0
"159",5,"Winter",2,"Chrotopterus_auritus",0
"146",6,"Winter",1,"Chrotopterus_auritus",NA
"160",6,"Winter",2,"Chrotopterus_auritus",NA
"147",7,"Winter",1,"Chrotopterus_auritus",1
"161",7,"Winter",2,"Chrotopterus_auritus",1
"148",8,"Winter",1,"Chrotopterus_auritus",0
"162",8,"Winter",2,"Chrotopterus_auritus",0
"149",9,"Winter",1,"Chrotopterus_auritus",0
"163",9,"Winter",2,"Chrotopterus_auritus",0
"150",10,"Winter",1,"Chrotopterus_auritus",NA
"164",10,"Winter",2,"Chrotopterus_auritus",NA
"151",11,"Winter",1,"Chrotopterus_auritus",2
"165",11,"Winter",2,"Chrotopterus_auritus",0
"152",12,"Winter",1,"Chrotopterus_auritus",0
"166",12,"Winter",2,"Chrotopterus_auritus",0
"153",13,"Winter",1,"Chrotopterus_auritus",1
"167",13,"Winter",2,"Chrotopterus_auritus",0
"154",14,"Winter",1,"Chrotopterus_auritus",0
"168",14,"Winter",2,"Chrotopterus_auritus",0
"925",1,"Summer",1,"Desmodus_rotundus",0
"939",1,"Summer",2,"Desmodus_rotundus",0
"926",2,"Summer",1,"Desmodus_rotundus",0
"940",2,"Summer",2,"Desmodus_rotundus",0
"927",3,"Summer",1,"Desmodus_rotundus",0
"941",3,"Summer",2,"Desmodus_rotundus",0
"928",4,"Summer",1,"Desmodus_rotundus",0
"942",4,"Summer",2,"Desmodus_rotundus",0
"929",5,"Summer",1,"Desmodus_rotundus",0
"943",5,"Summer",2,"Desmodus_rotundus",0
"930",6,"Summer",1,"Desmodus_rotundus",0
"944",6,"Summer",2,"Desmodus_rotundus",0
"931",7,"Summer",1,"Desmodus_rotundus",0
"945",7,"Summer",2,"Desmodus_rotundus",0
"932",8,"Summer",1,"Desmodus_rotundus",0
"946",8,"Summer",2,"Desmodus_rotundus",0
"933",9,"Summer",1,"Desmodus_rotundus",0
"947",9,"Summer",2,"Desmodus_rotundus",0
"934",10,"Summer",1,"Desmodus_rotundus",0
"948",10,"Summer",2,"Desmodus_rotundus",0
"935",11,"Summer",1,"Desmodus_rotundus",0
"949",11,"Summer",2,"Desmodus_rotundus",0
"936",12,"Summer",1,"Desmodus_rotundus",0
"950",12,"Summer",2,"Desmodus_rotundus",0
"937",13,"Summer",1,"Desmodus_rotundus",1
"951",13,"Summer",2,"Desmodus_rotundus",0
"938",14,"Summer",1,"Desmodus_rotundus",0
"952",14,"Summer",2,"Desmodus_rotundus",0
"169",1,"Winter",1,"Desmodus_rotundus",0
"183",1,"Winter",2,"Desmodus_rotundus",0
"170",2,"Winter",1,"Desmodus_rotundus",0
"184",2,"Winter",2,"Desmodus_rotundus",0
"171",3,"Winter",1,"Desmodus_rotundus",NA
"185",3,"Winter",2,"Desmodus_rotundus",NA
"172",4,"Winter",1,"Desmodus_rotundus",0
"186",4,"Winter",2,"Desmodus_rotundus",0
"173",5,"Winter",1,"Desmodus_rotundus",0
"187",5,"Winter",2,"Desmodus_rotundus",0
"174",6,"Winter",1,"Desmodus_rotundus",NA
"188",6,"Winter",2,"Desmodus_rotundus",NA
"175",7,"Winter",1,"Desmodus_rotundus",0
"189",7,"Winter",2,"Desmodus_rotundus",0
"176",8,"Winter",1,"Desmodus_rotundus",0
"190",8,"Winter",2,"Desmodus_rotundus",0
"177",9,"Winter",1,"Desmodus_rotundus",0
"191",9,"Winter",2,"Desmodus_rotundus",0
"178",10,"Winter",1,"Desmodus_rotundus",NA
"192",10,"Winter",2,"Desmodus_rotundus",NA
"179",11,"Winter",1,"Desmodus_rotundus",3
"193",11,"Winter",2,"Desmodus_rotundus",1
"180",12,"Winter",1,"Desmodus_rotundus",0
"194",12,"Winter",2,"Desmodus_rotundus",0
"181",13,"Winter",1,"Desmodus_rotundus",13
"195",13,"Winter",2,"Desmodus_rotundus",8
"182",14,"Winter",1,"Desmodus_rotundus",0
"196",14,"Winter",2,"Desmodus_rotundus",0
"953",1,"Summer",1,"Eptesicus_brasiliensis",0
"967",1,"Summer",2,"Eptesicus_brasiliensis",0
"954",2,"Summer",1,"Eptesicus_brasiliensis",0
"968",2,"Summer",2,"Eptesicus_brasiliensis",0
"955",3,"Summer",1,"Eptesicus_brasiliensis",0
"969",3,"Summer",2,"Eptesicus_brasiliensis",0
"956",4,"Summer",1,"Eptesicus_brasiliensis",0
"970",4,"Summer",2,"Eptesicus_brasiliensis",0
"957",5,"Summer",1,"Eptesicus_brasiliensis",0
"971",5,"Summer",2,"Eptesicus_brasiliensis",0
"958",6,"Summer",1,"Eptesicus_brasiliensis",0
"972",6,"Summer",2,"Eptesicus_brasiliensis",0
"959",7,"Summer",1,"Eptesicus_brasiliensis",0
"973",7,"Summer",2,"Eptesicus_brasiliensis",0
"960",8,"Summer",1,"Eptesicus_brasiliensis",0
"974",8,"Summer",2,"Eptesicus_brasiliensis",0
"961",9,"Summer",1,"Eptesicus_brasiliensis",1
"975",9,"Summer",2,"Eptesicus_brasiliensis",0
"962",10,"Summer",1,"Eptesicus_brasiliensis",0
"976",10,"Summer",2,"Eptesicus_brasiliensis",0
"963",11,"Summer",1,"Eptesicus_brasiliensis",0
"977",11,"Summer",2,"Eptesicus_brasiliensis",0
"964",12,"Summer",1,"Eptesicus_brasiliensis",0
"978",12,"Summer",2,"Eptesicus_brasiliensis",0
"965",13,"Summer",1,"Eptesicus_brasiliensis",0
"979",13,"Summer",2,"Eptesicus_brasiliensis",0
"966",14,"Summer",1,"Eptesicus_brasiliensis",0
"980",14,"Summer",2,"Eptesicus_brasiliensis",0
"197",1,"Winter",1,"Eptesicus_brasiliensis",0
"211",1,"Winter",2,"Eptesicus_brasiliensis",0
"198",2,"Winter",1,"Eptesicus_brasiliensis",0
"212",2,"Winter",2,"Eptesicus_brasiliensis",0
"199",3,"Winter",1,"Eptesicus_brasiliensis",NA
"213",3,"Winter",2,"Eptesicus_brasiliensis",NA
"200",4,"Winter",1,"Eptesicus_brasiliensis",0
"214",4,"Winter",2,"Eptesicus_brasiliensis",0
"201",5,"Winter",1,"Eptesicus_brasiliensis",0
"215",5,"Winter",2,"Eptesicus_brasiliensis",0
"202",6,"Winter",1,"Eptesicus_brasiliensis",NA
"216",6,"Winter",2,"Eptesicus_brasiliensis",NA
"203",7,"Winter",1,"Eptesicus_brasiliensis",0
"217",7,"Winter",2,"Eptesicus_brasiliensis",0
"204",8,"Winter",1,"Eptesicus_brasiliensis",0
"218",8,"Winter",2,"Eptesicus_brasiliensis",0
"205",9,"Winter",1,"Eptesicus_brasiliensis",0
"219",9,"Winter",2,"Eptesicus_brasiliensis",0
"206",10,"Winter",1,"Eptesicus_brasiliensis",NA
"220",10,"Winter",2,"Eptesicus_brasiliensis",NA
"207",11,"Winter",1,"Eptesicus_brasiliensis",0
"221",11,"Winter",2,"Eptesicus_brasiliensis",0
"208",12,"Winter",1,"Eptesicus_brasiliensis",0
"222",12,"Winter",2,"Eptesicus_brasiliensis",0
"209",13,"Winter",1,"Eptesicus_brasiliensis",0
"223",13,"Winter",2,"Eptesicus_brasiliensis",0
"210",14,"Winter",1,"Eptesicus_brasiliensis",0
"224",14,"Winter",2,"Eptesicus_brasiliensis",0
"981",1,"Summer",1,"Eptesicus_furinalis",0
"995",1,"Summer",2,"Eptesicus_furinalis",0
"982",2,"Summer",1,"Eptesicus_furinalis",0
"996",2,"Summer",2,"Eptesicus_furinalis",0
"983",3,"Summer",1,"Eptesicus_furinalis",0
"997",3,"Summer",2,"Eptesicus_furinalis",0
"984",4,"Summer",1,"Eptesicus_furinalis",0
"998",4,"Summer",2,"Eptesicus_furinalis",0
"985",5,"Summer",1,"Eptesicus_furinalis",0
"999",5,"Summer",2,"Eptesicus_furinalis",0
"986",6,"Summer",1,"Eptesicus_furinalis",0
"1000",6,"Summer",2,"Eptesicus_furinalis",0
"987",7,"Summer",1,"Eptesicus_furinalis",0
"1001",7,"Summer",2,"Eptesicus_furinalis",0
"988",8,"Summer",1,"Eptesicus_furinalis",0
"1002",8,"Summer",2,"Eptesicus_furinalis",0
"989",9,"Summer",1,"Eptesicus_furinalis",2
"1003",9,"Summer",2,"Eptesicus_furinalis",0
"990",10,"Summer",1,"Eptesicus_furinalis",0
"1004",10,"Summer",2,"Eptesicus_furinalis",0
"991",11,"Summer",1,"Eptesicus_furinalis",1
"1005",11,"Summer",2,"Eptesicus_furinalis",0
"992",12,"Summer",1,"Eptesicus_furinalis",0
"1006",12,"Summer",2,"Eptesicus_furinalis",0
"993",13,"Summer",1,"Eptesicus_furinalis",0
"1007",13,"Summer",2,"Eptesicus_furinalis",0
"994",14,"Summer",1,"Eptesicus_furinalis",0
"1008",14,"Summer",2,"Eptesicus_furinalis",0
"225",1,"Winter",1,"Eptesicus_furinalis",0
"239",1,"Winter",2,"Eptesicus_furinalis",0
"226",2,"Winter",1,"Eptesicus_furinalis",0
"240",2,"Winter",2,"Eptesicus_furinalis",0
"227",3,"Winter",1,"Eptesicus_furinalis",NA
"241",3,"Winter",2,"Eptesicus_furinalis",NA
"228",4,"Winter",1,"Eptesicus_furinalis",0
"242",4,"Winter",2,"Eptesicus_furinalis",0
"229",5,"Winter",1,"Eptesicus_furinalis",0
"243",5,"Winter",2,"Eptesicus_furinalis",0
"230",6,"Winter",1,"Eptesicus_furinalis",NA
"244",6,"Winter",2,"Eptesicus_furinalis",NA
"231",7,"Winter",1,"Eptesicus_furinalis",0
"245",7,"Winter",2,"Eptesicus_furinalis",0
"232",8,"Winter",1,"Eptesicus_furinalis",0
"246",8,"Winter",2,"Eptesicus_furinalis",0
"233",9,"Winter",1,"Eptesicus_furinalis",0
"247",9,"Winter",2,"Eptesicus_furinalis",0
"234",10,"Winter",1,"Eptesicus_furinalis",NA
"248",10,"Winter",2,"Eptesicus_furinalis",NA
"235",11,"Winter",1,"Eptesicus_furinalis",0
"249",11,"Winter",2,"Eptesicus_furinalis",0
"236",12,"Winter",1,"Eptesicus_furinalis",0
"250",12,"Winter",2,"Eptesicus_furinalis",0
"237",13,"Winter",1,"Eptesicus_furinalis",2
"251",13,"Winter",2,"Eptesicus_furinalis",0
"238",14,"Winter",1,"Eptesicus_furinalis",0
"252",14,"Winter",2,"Eptesicus_furinalis",0
"1009",1,"Summer",1,"Histiotus_montanus",0
"1023",1,"Summer",2,"Histiotus_montanus",0
"1010",2,"Summer",1,"Histiotus_montanus",0
"1024",2,"Summer",2,"Histiotus_montanus",0
"1011",3,"Summer",1,"Histiotus_montanus",1
"1025",3,"Summer",2,"Histiotus_montanus",0
"1012",4,"Summer",1,"Histiotus_montanus",1
"1026",4,"Summer",2,"Histiotus_montanus",3
"1013",5,"Summer",1,"Histiotus_montanus",0
"1027",5,"Summer",2,"Histiotus_montanus",0
"1014",6,"Summer",1,"Histiotus_montanus",1
"1028",6,"Summer",2,"Histiotus_montanus",0
"1015",7,"Summer",1,"Histiotus_montanus",0
"1029",7,"Summer",2,"Histiotus_montanus",0
"1016",8,"Summer",1,"Histiotus_montanus",0
"1030",8,"Summer",2,"Histiotus_montanus",0
"1017",9,"Summer",1,"Histiotus_montanus",0
"1031",9,"Summer",2,"Histiotus_montanus",0
"1018",10,"Summer",1,"Histiotus_montanus",0
"1032",10,"Summer",2,"Histiotus_montanus",0
"1019",11,"Summer",1,"Histiotus_montanus",0
"1033",11,"Summer",2,"Histiotus_montanus",0
"1020",12,"Summer",1,"Histiotus_montanus",0
"1034",12,"Summer",2,"Histiotus_montanus",0
"1021",13,"Summer",1,"Histiotus_montanus",0
"1035",13,"Summer",2,"Histiotus_montanus",0
"1022",14,"Summer",1,"Histiotus_montanus",0
"1036",14,"Summer",2,"Histiotus_montanus",0
"253",1,"Winter",1,"Histiotus_montanus",0
"267",1,"Winter",2,"Histiotus_montanus",0
"254",2,"Winter",1,"Histiotus_montanus",0
"268",2,"Winter",2,"Histiotus_montanus",0
"255",3,"Winter",1,"Histiotus_montanus",NA
"269",3,"Winter",2,"Histiotus_montanus",NA
"256",4,"Winter",1,"Histiotus_montanus",0
"270",4,"Winter",2,"Histiotus_montanus",0
"257",5,"Winter",1,"Histiotus_montanus",0
"271",5,"Winter",2,"Histiotus_montanus",0
"258",6,"Winter",1,"Histiotus_montanus",NA
"272",6,"Winter",2,"Histiotus_montanus",NA
"259",7,"Winter",1,"Histiotus_montanus",0
"273",7,"Winter",2,"Histiotus_montanus",0
"260",8,"Winter",1,"Histiotus_montanus",0
"274",8,"Winter",2,"Histiotus_montanus",0
"261",9,"Winter",1,"Histiotus_montanus",0
"275",9,"Winter",2,"Histiotus_montanus",0
"262",10,"Winter",1,"Histiotus_montanus",NA
"276",10,"Winter",2,"Histiotus_montanus",NA
"263",11,"Winter",1,"Histiotus_montanus",0
"277",11,"Winter",2,"Histiotus_montanus",0
"264",12,"Winter",1,"Histiotus_montanus",0
"278",12,"Winter",2,"Histiotus_montanus",0
"265",13,"Winter",1,"Histiotus_montanus",0
"279",13,"Winter",2,"Histiotus_montanus",0
"266",14,"Winter",1,"Histiotus_montanus",0
"280",14,"Winter",2,"Histiotus_montanus",0
"1037",1,"Summer",1,"Histiotus_velatus",0
"1051",1,"Summer",2,"Histiotus_velatus",0
"1038",2,"Summer",1,"Histiotus_velatus",0
"1052",2,"Summer",2,"Histiotus_velatus",0
"1039",3,"Summer",1,"Histiotus_velatus",0
"1053",3,"Summer",2,"Histiotus_velatus",0
"1040",4,"Summer",1,"Histiotus_velatus",1
"1054",4,"Summer",2,"Histiotus_velatus",1
"1041",5,"Summer",1,"Histiotus_velatus",0
"1055",5,"Summer",2,"Histiotus_velatus",0
"1042",6,"Summer",1,"Histiotus_velatus",0
"1056",6,"Summer",2,"Histiotus_velatus",0
"1043",7,"Summer",1,"Histiotus_velatus",0
"1057",7,"Summer",2,"Histiotus_velatus",0
"1044",8,"Summer",1,"Histiotus_velatus",0
"1058",8,"Summer",2,"Histiotus_velatus",0
"1045",9,"Summer",1,"Histiotus_velatus",0
"1059",9,"Summer",2,"Histiotus_velatus",0
"1046",10,"Summer",1,"Histiotus_velatus",0
"1060",10,"Summer",2,"Histiotus_velatus",0
"1047",11,"Summer",1,"Histiotus_velatus",0
"1061",11,"Summer",2,"Histiotus_velatus",0
"1048",12,"Summer",1,"Histiotus_velatus",0
"1062",12,"Summer",2,"Histiotus_velatus",0
"1049",13,"Summer",1,"Histiotus_velatus",0
"1063",13,"Summer",2,"Histiotus_velatus",0
"1050",14,"Summer",1,"Histiotus_velatus",0
"1064",14,"Summer",2,"Histiotus_velatus",0
"281",1,"Winter",1,"Histiotus_velatus",0
"295",1,"Winter",2,"Histiotus_velatus",0
"282",2,"Winter",1,"Histiotus_velatus",0
"296",2,"Winter",2,"Histiotus_velatus",0
"283",3,"Winter",1,"Histiotus_velatus",NA
"297",3,"Winter",2,"Histiotus_velatus",NA
"284",4,"Winter",1,"Histiotus_velatus",0
"298",4,"Winter",2,"Histiotus_velatus",0
"285",5,"Winter",1,"Histiotus_velatus",0
"299",5,"Winter",2,"Histiotus_velatus",0
"286",6,"Winter",1,"Histiotus_velatus",NA
"300",6,"Winter",2,"Histiotus_velatus",NA
"287",7,"Winter",1,"Histiotus_velatus",0
"301",7,"Winter",2,"Histiotus_velatus",0
"288",8,"Winter",1,"Histiotus_velatus",0
"302",8,"Winter",2,"Histiotus_velatus",0
"289",9,"Winter",1,"Histiotus_velatus",0
"303",9,"Winter",2,"Histiotus_velatus",0
"290",10,"Winter",1,"Histiotus_velatus",NA
"304",10,"Winter",2,"Histiotus_velatus",NA
"291",11,"Winter",1,"Histiotus_velatus",0
"305",11,"Winter",2,"Histiotus_velatus",0
"292",12,"Winter",1,"Histiotus_velatus",0
"306",12,"Winter",2,"Histiotus_velatus",0
"293",13,"Winter",1,"Histiotus_velatus",0
"307",13,"Winter",2,"Histiotus_velatus",0
"294",14,"Winter",1,"Histiotus_velatus",0
"308",14,"Winter",2,"Histiotus_velatus",0
"1065",1,"Summer",1,"Mimon_bennettii",0
"1079",1,"Summer",2,"Mimon_bennettii",0
"1066",2,"Summer",1,"Mimon_bennettii",0
"1080",2,"Summer",2,"Mimon_bennettii",0
"1067",3,"Summer",1,"Mimon_bennettii",0
"1081",3,"Summer",2,"Mimon_bennettii",0
"1068",4,"Summer",1,"Mimon_bennettii",0
"1082",4,"Summer",2,"Mimon_bennettii",0
"1069",5,"Summer",1,"Mimon_bennettii",0
"1083",5,"Summer",2,"Mimon_bennettii",0
"1070",6,"Summer",1,"Mimon_bennettii",0
"1084",6,"Summer",2,"Mimon_bennettii",0
"1071",7,"Summer",1,"Mimon_bennettii",0
"1085",7,"Summer",2,"Mimon_bennettii",0
"1072",8,"Summer",1,"Mimon_bennettii",0
"1086",8,"Summer",2,"Mimon_bennettii",0
"1073",9,"Summer",1,"Mimon_bennettii",0
"1087",9,"Summer",2,"Mimon_bennettii",0
"1074",10,"Summer",1,"Mimon_bennettii",0
"1088",10,"Summer",2,"Mimon_bennettii",0
"1075",11,"Summer",1,"Mimon_bennettii",0
"1089",11,"Summer",2,"Mimon_bennettii",0
"1076",12,"Summer",1,"Mimon_bennettii",0
"1090",12,"Summer",2,"Mimon_bennettii",0
"1077",13,"Summer",1,"Mimon_bennettii",0
"1091",13,"Summer",2,"Mimon_bennettii",0
"1078",14,"Summer",1,"Mimon_bennettii",0
"1092",14,"Summer",2,"Mimon_bennettii",0
"309",1,"Winter",1,"Mimon_bennettii",0
"323",1,"Winter",2,"Mimon_bennettii",0
"310",2,"Winter",1,"Mimon_bennettii",0
"324",2,"Winter",2,"Mimon_bennettii",0
"311",3,"Winter",1,"Mimon_bennettii",NA
"325",3,"Winter",2,"Mimon_bennettii",NA
"312",4,"Winter",1,"Mimon_bennettii",0
"326",4,"Winter",2,"Mimon_bennettii",0
"313",5,"Winter",1,"Mimon_bennettii",0
"327",5,"Winter",2,"Mimon_bennettii",0
"314",6,"Winter",1,"Mimon_bennettii",NA
"328",6,"Winter",2,"Mimon_bennettii",NA
"315",7,"Winter",1,"Mimon_bennettii",0
"329",7,"Winter",2,"Mimon_bennettii",0
"316",8,"Winter",1,"Mimon_bennettii",0
"330",8,"Winter",2,"Mimon_bennettii",0
"317",9,"Winter",1,"Mimon_bennettii",0
"331",9,"Winter",2,"Mimon_bennettii",0
"318",10,"Winter",1,"Mimon_bennettii",NA
"332",10,"Winter",2,"Mimon_bennettii",NA
"319",11,"Winter",1,"Mimon_bennettii",0
"333",11,"Winter",2,"Mimon_bennettii",0
"320",12,"Winter",1,"Mimon_bennettii",1
"334",12,"Winter",2,"Mimon_bennettii",0
"321",13,"Winter",1,"Mimon_bennettii",0
"335",13,"Winter",2,"Mimon_bennettii",0
"322",14,"Winter",1,"Mimon_bennettii",0
"336",14,"Winter",2,"Mimon_bennettii",0
"1093",1,"Summer",1,"Myotis_albescens",0
"1107",1,"Summer",2,"Myotis_albescens",0
"1094",2,"Summer",1,"Myotis_albescens",0
"1108",2,"Summer",2,"Myotis_albescens",0
"1095",3,"Summer",1,"Myotis_albescens",0
"1109",3,"Summer",2,"Myotis_albescens",0
"1096",4,"Summer",1,"Myotis_albescens",0
"1110",4,"Summer",2,"Myotis_albescens",0
"1097",5,"Summer",1,"Myotis_albescens",0
"1111",5,"Summer",2,"Myotis_albescens",0
"1098",6,"Summer",1,"Myotis_albescens",0
"1112",6,"Summer",2,"Myotis_albescens",0
"1099",7,"Summer",1,"Myotis_albescens",1
"1113",7,"Summer",2,"Myotis_albescens",0
"1100",8,"Summer",1,"Myotis_albescens",0
"1114",8,"Summer",2,"Myotis_albescens",0
"1101",9,"Summer",1,"Myotis_albescens",0
"1115",9,"Summer",2,"Myotis_albescens",0
"1102",10,"Summer",1,"Myotis_albescens",0
"1116",10,"Summer",2,"Myotis_albescens",0
"1103",11,"Summer",1,"Myotis_albescens",0
"1117",11,"Summer",2,"Myotis_albescens",0
"1104",12,"Summer",1,"Myotis_albescens",0
"1118",12,"Summer",2,"Myotis_albescens",0
"1105",13,"Summer",1,"Myotis_albescens",0
"1119",13,"Summer",2,"Myotis_albescens",0
"1106",14,"Summer",1,"Myotis_albescens",0
"1120",14,"Summer",2,"Myotis_albescens",0
"337",1,"Winter",1,"Myotis_albescens",0
"351",1,"Winter",2,"Myotis_albescens",0
"338",2,"Winter",1,"Myotis_albescens",0
"352",2,"Winter",2,"Myotis_albescens",0
"339",3,"Winter",1,"Myotis_albescens",NA
"353",3,"Winter",2,"Myotis_albescens",NA
"340",4,"Winter",1,"Myotis_albescens",0
"354",4,"Winter",2,"Myotis_albescens",0
"341",5,"Winter",1,"Myotis_albescens",0
"355",5,"Winter",2,"Myotis_albescens",0
"342",6,"Winter",1,"Myotis_albescens",NA
"356",6,"Winter",2,"Myotis_albescens",NA
"343",7,"Winter",1,"Myotis_albescens",0
"357",7,"Winter",2,"Myotis_albescens",0
"344",8,"Winter",1,"Myotis_albescens",0
"358",8,"Winter",2,"Myotis_albescens",0
"345",9,"Winter",1,"Myotis_albescens",0
"359",9,"Winter",2,"Myotis_albescens",0
"346",10,"Winter",1,"Myotis_albescens",NA
"360",10,"Winter",2,"Myotis_albescens",NA
"347",11,"Winter",1,"Myotis_albescens",0
"361",11,"Winter",2,"Myotis_albescens",0
"348",12,"Winter",1,"Myotis_albescens",0
"362",12,"Winter",2,"Myotis_albescens",0
"349",13,"Winter",1,"Myotis_albescens",0
"363",13,"Winter",2,"Myotis_albescens",0
"350",14,"Winter",1,"Myotis_albescens",0
"364",14,"Winter",2,"Myotis_albescens",0
"1121",1,"Summer",1,"Myotis_izecksohni",0
"1135",1,"Summer",2,"Myotis_izecksohni",0
"1122",2,"Summer",1,"Myotis_izecksohni",0
"1136",2,"Summer",2,"Myotis_izecksohni",0
"1123",3,"Summer",1,"Myotis_izecksohni",0
"1137",3,"Summer",2,"Myotis_izecksohni",0
"1124",4,"Summer",1,"Myotis_izecksohni",0
"1138",4,"Summer",2,"Myotis_izecksohni",0
"1125",5,"Summer",1,"Myotis_izecksohni",0
"1139",5,"Summer",2,"Myotis_izecksohni",0
"1126",6,"Summer",1,"Myotis_izecksohni",0
"1140",6,"Summer",2,"Myotis_izecksohni",0
"1127",7,"Summer",1,"Myotis_izecksohni",0
"1141",7,"Summer",2,"Myotis_izecksohni",0
"1128",8,"Summer",1,"Myotis_izecksohni",0
"1142",8,"Summer",2,"Myotis_izecksohni",0
"1129",9,"Summer",1,"Myotis_izecksohni",0
"1143",9,"Summer",2,"Myotis_izecksohni",0
"1130",10,"Summer",1,"Myotis_izecksohni",1
"1144",10,"Summer",2,"Myotis_izecksohni",0
"1131",11,"Summer",1,"Myotis_izecksohni",0
"1145",11,"Summer",2,"Myotis_izecksohni",0
"1132",12,"Summer",1,"Myotis_izecksohni",0
"1146",12,"Summer",2,"Myotis_izecksohni",0
"1133",13,"Summer",1,"Myotis_izecksohni",0
"1147",13,"Summer",2,"Myotis_izecksohni",0
"1134",14,"Summer",1,"Myotis_izecksohni",0
"1148",14,"Summer",2,"Myotis_izecksohni",0
"365",1,"Winter",1,"Myotis_izecksohni",0
"379",1,"Winter",2,"Myotis_izecksohni",0
"366",2,"Winter",1,"Myotis_izecksohni",0
"380",2,"Winter",2,"Myotis_izecksohni",0
"367",3,"Winter",1,"Myotis_izecksohni",NA
"381",3,"Winter",2,"Myotis_izecksohni",NA
"368",4,"Winter",1,"Myotis_izecksohni",0
"382",4,"Winter",2,"Myotis_izecksohni",0
"369",5,"Winter",1,"Myotis_izecksohni",1
"383",5,"Winter",2,"Myotis_izecksohni",0
"370",6,"Winter",1,"Myotis_izecksohni",NA
"384",6,"Winter",2,"Myotis_izecksohni",NA
"371",7,"Winter",1,"Myotis_izecksohni",0
"385",7,"Winter",2,"Myotis_izecksohni",0
"372",8,"Winter",1,"Myotis_izecksohni",0
"386",8,"Winter",2,"Myotis_izecksohni",0
"373",9,"Winter",1,"Myotis_izecksohni",0
"387",9,"Winter",2,"Myotis_izecksohni",0
"374",10,"Winter",1,"Myotis_izecksohni",NA
"388",10,"Winter",2,"Myotis_izecksohni",NA
"375",11,"Winter",1,"Myotis_izecksohni",0
"389",11,"Winter",2,"Myotis_izecksohni",0
"376",12,"Winter",1,"Myotis_izecksohni",0
"390",12,"Winter",2,"Myotis_izecksohni",0
"377",13,"Winter",1,"Myotis_izecksohni",0
"391",13,"Winter",2,"Myotis_izecksohni",0
"378",14,"Winter",1,"Myotis_izecksohni",0
"392",14,"Winter",2,"Myotis_izecksohni",0
"1149",1,"Summer",1,"Myotis_nigricans",0
"1163",1,"Summer",2,"Myotis_nigricans",0
"1150",2,"Summer",1,"Myotis_nigricans",0
"1164",2,"Summer",2,"Myotis_nigricans",0
"1151",3,"Summer",1,"Myotis_nigricans",0
"1165",3,"Summer",2,"Myotis_nigricans",0
"1152",4,"Summer",1,"Myotis_nigricans",0
"1166",4,"Summer",2,"Myotis_nigricans",0
"1153",5,"Summer",1,"Myotis_nigricans",0
"1167",5,"Summer",2,"Myotis_nigricans",0
"1154",6,"Summer",1,"Myotis_nigricans",0
"1168",6,"Summer",2,"Myotis_nigricans",0
"1155",7,"Summer",1,"Myotis_nigricans",0
"1169",7,"Summer",2,"Myotis_nigricans",0
"1156",8,"Summer",1,"Myotis_nigricans",0
"1170",8,"Summer",2,"Myotis_nigricans",0
"1157",9,"Summer",1,"Myotis_nigricans",0
"1171",9,"Summer",2,"Myotis_nigricans",0
"1158",10,"Summer",1,"Myotis_nigricans",1
"1172",10,"Summer",2,"Myotis_nigricans",0
"1159",11,"Summer",1,"Myotis_nigricans",0
"1173",11,"Summer",2,"Myotis_nigricans",0
"1160",12,"Summer",1,"Myotis_nigricans",0
"1174",12,"Summer",2,"Myotis_nigricans",0
"1161",13,"Summer",1,"Myotis_nigricans",0
"1175",13,"Summer",2,"Myotis_nigricans",0
"1162",14,"Summer",1,"Myotis_nigricans",0
"1176",14,"Summer",2,"Myotis_nigricans",0
"393",1,"Winter",1,"Myotis_nigricans",0
"407",1,"Winter",2,"Myotis_nigricans",0
"394",2,"Winter",1,"Myotis_nigricans",0
"408",2,"Winter",2,"Myotis_nigricans",0
"395",3,"Winter",1,"Myotis_nigricans",NA
"409",3,"Winter",2,"Myotis_nigricans",NA
"396",4,"Winter",1,"Myotis_nigricans",0
"410",4,"Winter",2,"Myotis_nigricans",0
"397",5,"Winter",1,"Myotis_nigricans",0
"411",5,"Winter",2,"Myotis_nigricans",0
"398",6,"Winter",1,"Myotis_nigricans",NA
"412",6,"Winter",2,"Myotis_nigricans",NA
"399",7,"Winter",1,"Myotis_nigricans",0
"413",7,"Winter",2,"Myotis_nigricans",0
"400",8,"Winter",1,"Myotis_nigricans",0
"414",8,"Winter",2,"Myotis_nigricans",0
"401",9,"Winter",1,"Myotis_nigricans",0
"415",9,"Winter",2,"Myotis_nigricans",0
"402",10,"Winter",1,"Myotis_nigricans",NA
"416",10,"Winter",2,"Myotis_nigricans",NA
"403",11,"Winter",1,"Myotis_nigricans",0
"417",11,"Winter",2,"Myotis_nigricans",0
"404",12,"Winter",1,"Myotis_nigricans",0
"418",12,"Winter",2,"Myotis_nigricans",0
"405",13,"Winter",1,"Myotis_nigricans",0
"419",13,"Winter",2,"Myotis_nigricans",0
"406",14,"Winter",1,"Myotis_nigricans",2
"420",14,"Winter",2,"Myotis_nigricans",0
"1177",1,"Summer",1,"Myotis_riparius",0
"1191",1,"Summer",2,"Myotis_riparius",0
"1178",2,"Summer",1,"Myotis_riparius",0
"1192",2,"Summer",2,"Myotis_riparius",0
"1179",3,"Summer",1,"Myotis_riparius",0
"1193",3,"Summer",2,"Myotis_riparius",0
"1180",4,"Summer",1,"Myotis_riparius",0
"1194",4,"Summer",2,"Myotis_riparius",0
"1181",5,"Summer",1,"Myotis_riparius",0
"1195",5,"Summer",2,"Myotis_riparius",0
"1182",6,"Summer",1,"Myotis_riparius",0
"1196",6,"Summer",2,"Myotis_riparius",0
"1183",7,"Summer",1,"Myotis_riparius",0
"1197",7,"Summer",2,"Myotis_riparius",0
"1184",8,"Summer",1,"Myotis_riparius",0
"1198",8,"Summer",2,"Myotis_riparius",0
"1185",9,"Summer",1,"Myotis_riparius",0
"1199",9,"Summer",2,"Myotis_riparius",0
"1186",10,"Summer",1,"Myotis_riparius",1
"1200",10,"Summer",2,"Myotis_riparius",0
"1187",11,"Summer",1,"Myotis_riparius",0
"1201",11,"Summer",2,"Myotis_riparius",3
"1188",12,"Summer",1,"Myotis_riparius",0
"1202",12,"Summer",2,"Myotis_riparius",1
"1189",13,"Summer",1,"Myotis_riparius",1
"1203",13,"Summer",2,"Myotis_riparius",0
"1190",14,"Summer",1,"Myotis_riparius",0
"1204",14,"Summer",2,"Myotis_riparius",0
"421",1,"Winter",1,"Myotis_riparius",0
"435",1,"Winter",2,"Myotis_riparius",0
"422",2,"Winter",1,"Myotis_riparius",0
"436",2,"Winter",2,"Myotis_riparius",0
"423",3,"Winter",1,"Myotis_riparius",NA
"437",3,"Winter",2,"Myotis_riparius",NA
"424",4,"Winter",1,"Myotis_riparius",0
"438",4,"Winter",2,"Myotis_riparius",0
"425",5,"Winter",1,"Myotis_riparius",0
"439",5,"Winter",2,"Myotis_riparius",0
"426",6,"Winter",1,"Myotis_riparius",NA
"440",6,"Winter",2,"Myotis_riparius",NA
"427",7,"Winter",1,"Myotis_riparius",0
"441",7,"Winter",2,"Myotis_riparius",0
"428",8,"Winter",1,"Myotis_riparius",0
"442",8,"Winter",2,"Myotis_riparius",0
"429",9,"Winter",1,"Myotis_riparius",1
"443",9,"Winter",2,"Myotis_riparius",0
"430",10,"Winter",1,"Myotis_riparius",NA
"444",10,"Winter",2,"Myotis_riparius",NA
"431",11,"Winter",1,"Myotis_riparius",0
"445",11,"Winter",2,"Myotis_riparius",0
"432",12,"Winter",1,"Myotis_riparius",0
"446",12,"Winter",2,"Myotis_riparius",0
"433",13,"Winter",1,"Myotis_riparius",0
"447",13,"Winter",2,"Myotis_riparius",0
"434",14,"Winter",1,"Myotis_riparius",0
"448",14,"Winter",2,"Myotis_riparius",0
"1205",1,"Summer",1,"Myotis_ruber",0
"1219",1,"Summer",2,"Myotis_ruber",0
"1206",2,"Summer",1,"Myotis_ruber",0
"1220",2,"Summer",2,"Myotis_ruber",0
"1207",3,"Summer",1,"Myotis_ruber",0
"1221",3,"Summer",2,"Myotis_ruber",0
"1208",4,"Summer",1,"Myotis_ruber",0
"1222",4,"Summer",2,"Myotis_ruber",0
"1209",5,"Summer",1,"Myotis_ruber",0
"1223",5,"Summer",2,"Myotis_ruber",0
"1210",6,"Summer",1,"Myotis_ruber",0
"1224",6,"Summer",2,"Myotis_ruber",0
"1211",7,"Summer",1,"Myotis_ruber",0
"1225",7,"Summer",2,"Myotis_ruber",0
"1212",8,"Summer",1,"Myotis_ruber",0
"1226",8,"Summer",2,"Myotis_ruber",0
"1213",9,"Summer",1,"Myotis_ruber",0
"1227",9,"Summer",2,"Myotis_ruber",0
"1214",10,"Summer",1,"Myotis_ruber",0
"1228",10,"Summer",2,"Myotis_ruber",0
"1215",11,"Summer",1,"Myotis_ruber",0
"1229",11,"Summer",2,"Myotis_ruber",0
"1216",12,"Summer",1,"Myotis_ruber",0
"1230",12,"Summer",2,"Myotis_ruber",0
"1217",13,"Summer",1,"Myotis_ruber",0
"1231",13,"Summer",2,"Myotis_ruber",0
"1218",14,"Summer",1,"Myotis_ruber",0
"1232",14,"Summer",2,"Myotis_ruber",0
"449",1,"Winter",1,"Myotis_ruber",0
"463",1,"Winter",2,"Myotis_ruber",0
"450",2,"Winter",1,"Myotis_ruber",0
"464",2,"Winter",2,"Myotis_ruber",0
"451",3,"Winter",1,"Myotis_ruber",NA
"465",3,"Winter",2,"Myotis_ruber",NA
"452",4,"Winter",1,"Myotis_ruber",0
"466",4,"Winter",2,"Myotis_ruber",0
"453",5,"Winter",1,"Myotis_ruber",0
"467",5,"Winter",2,"Myotis_ruber",0
"454",6,"Winter",1,"Myotis_ruber",NA
"468",6,"Winter",2,"Myotis_ruber",NA
"455",7,"Winter",1,"Myotis_ruber",0
"469",7,"Winter",2,"Myotis_ruber",0
"456",8,"Winter",1,"Myotis_ruber",0
"470",8,"Winter",2,"Myotis_ruber",0
"457",9,"Winter",1,"Myotis_ruber",0
"471",9,"Winter",2,"Myotis_ruber",0
"458",10,"Winter",1,"Myotis_ruber",NA
"472",10,"Winter",2,"Myotis_ruber",NA
"459",11,"Winter",1,"Myotis_ruber",0
"473",11,"Winter",2,"Myotis_ruber",0
"460",12,"Winter",1,"Myotis_ruber",0
"474",12,"Winter",2,"Myotis_ruber",0
"461",13,"Winter",1,"Myotis_ruber",3
"475",13,"Winter",2,"Myotis_ruber",0
"462",14,"Winter",1,"Myotis_ruber",0
"476",14,"Winter",2,"Myotis_ruber",0
"1233",1,"Summer",1,"Myotis_sp1",0
"1247",1,"Summer",2,"Myotis_sp1",0
"1234",2,"Summer",1,"Myotis_sp1",0
"1248",2,"Summer",2,"Myotis_sp1",0
"1235",3,"Summer",1,"Myotis_sp1",0
"1249",3,"Summer",2,"Myotis_sp1",0
"1236",4,"Summer",1,"Myotis_sp1",0
"1250",4,"Summer",2,"Myotis_sp1",0
"1237",5,"Summer",1,"Myotis_sp1",0
"1251",5,"Summer",2,"Myotis_sp1",0
"1238",6,"Summer",1,"Myotis_sp1",0
"1252",6,"Summer",2,"Myotis_sp1",0
"1239",7,"Summer",1,"Myotis_sp1",0
"1253",7,"Summer",2,"Myotis_sp1",0
"1240",8,"Summer",1,"Myotis_sp1",1
"1254",8,"Summer",2,"Myotis_sp1",0
"1241",9,"Summer",1,"Myotis_sp1",0
"1255",9,"Summer",2,"Myotis_sp1",0
"1242",10,"Summer",1,"Myotis_sp1",1
"1256",10,"Summer",2,"Myotis_sp1",1
"1243",11,"Summer",1,"Myotis_sp1",0
"1257",11,"Summer",2,"Myotis_sp1",1
"1244",12,"Summer",1,"Myotis_sp1",0
"1258",12,"Summer",2,"Myotis_sp1",1
"1245",13,"Summer",1,"Myotis_sp1",0
"1259",13,"Summer",2,"Myotis_sp1",0
"1246",14,"Summer",1,"Myotis_sp1",0
"1260",14,"Summer",2,"Myotis_sp1",0
"477",1,"Winter",1,"Myotis_sp1",0
"491",1,"Winter",2,"Myotis_sp1",0
"478",2,"Winter",1,"Myotis_sp1",0
"492",2,"Winter",2,"Myotis_sp1",0
"479",3,"Winter",1,"Myotis_sp1",NA
"493",3,"Winter",2,"Myotis_sp1",NA
"480",4,"Winter",1,"Myotis_sp1",0
"494",4,"Winter",2,"Myotis_sp1",0
"481",5,"Winter",1,"Myotis_sp1",0
"495",5,"Winter",2,"Myotis_sp1",0
"482",6,"Winter",1,"Myotis_sp1",NA
"496",6,"Winter",2,"Myotis_sp1",NA
"483",7,"Winter",1,"Myotis_sp1",0
"497",7,"Winter",2,"Myotis_sp1",0
"484",8,"Winter",1,"Myotis_sp1",0
"498",8,"Winter",2,"Myotis_sp1",0
"485",9,"Winter",1,"Myotis_sp1",0
"499",9,"Winter",2,"Myotis_sp1",0
"486",10,"Winter",1,"Myotis_sp1",NA
"500",10,"Winter",2,"Myotis_sp1",NA
"487",11,"Winter",1,"Myotis_sp1",0
"501",11,"Winter",2,"Myotis_sp1",0
"488",12,"Winter",1,"Myotis_sp1",0
"502",12,"Winter",2,"Myotis_sp1",0
"489",13,"Winter",1,"Myotis_sp1",0
"503",13,"Winter",2,"Myotis_sp1",0
"490",14,"Winter",1,"Myotis_sp1",0
"504",14,"Winter",2,"Myotis_sp1",0
"1261",1,"Summer",1,"Pygoderma_bilabiatum",0
"1275",1,"Summer",2,"Pygoderma_bilabiatum",0
"1262",2,"Summer",1,"Pygoderma_bilabiatum",0
"1276",2,"Summer",2,"Pygoderma_bilabiatum",0
"1263",3,"Summer",1,"Pygoderma_bilabiatum",0
"1277",3,"Summer",2,"Pygoderma_bilabiatum",0
"1264",4,"Summer",1,"Pygoderma_bilabiatum",0
"1278",4,"Summer",2,"Pygoderma_bilabiatum",0
"1265",5,"Summer",1,"Pygoderma_bilabiatum",0
"1279",5,"Summer",2,"Pygoderma_bilabiatum",0
"1266",6,"Summer",1,"Pygoderma_bilabiatum",0
"1280",6,"Summer",2,"Pygoderma_bilabiatum",0
"1267",7,"Summer",1,"Pygoderma_bilabiatum",0
"1281",7,"Summer",2,"Pygoderma_bilabiatum",1
"1268",8,"Summer",1,"Pygoderma_bilabiatum",0
"1282",8,"Summer",2,"Pygoderma_bilabiatum",0
"1269",9,"Summer",1,"Pygoderma_bilabiatum",1
"1283",9,"Summer",2,"Pygoderma_bilabiatum",0
"1270",10,"Summer",1,"Pygoderma_bilabiatum",0
"1284",10,"Summer",2,"Pygoderma_bilabiatum",0
"1271",11,"Summer",1,"Pygoderma_bilabiatum",0
"1285",11,"Summer",2,"Pygoderma_bilabiatum",0
"1272",12,"Summer",1,"Pygoderma_bilabiatum",0
"1286",12,"Summer",2,"Pygoderma_bilabiatum",0
"1273",13,"Summer",1,"Pygoderma_bilabiatum",0
"1287",13,"Summer",2,"Pygoderma_bilabiatum",0
"1274",14,"Summer",1,"Pygoderma_bilabiatum",0
"1288",14,"Summer",2,"Pygoderma_bilabiatum",0
"505",1,"Winter",1,"Pygoderma_bilabiatum",0
"519",1,"Winter",2,"Pygoderma_bilabiatum",0
"506",2,"Winter",1,"Pygoderma_bilabiatum",0
"520",2,"Winter",2,"Pygoderma_bilabiatum",0
"507",3,"Winter",1,"Pygoderma_bilabiatum",NA
"521",3,"Winter",2,"Pygoderma_bilabiatum",NA
"508",4,"Winter",1,"Pygoderma_bilabiatum",0
"522",4,"Winter",2,"Pygoderma_bilabiatum",0
"509",5,"Winter",1,"Pygoderma_bilabiatum",0
"523",5,"Winter",2,"Pygoderma_bilabiatum",0
"510",6,"Winter",1,"Pygoderma_bilabiatum",NA
"524",6,"Winter",2,"Pygoderma_bilabiatum",NA
"511",7,"Winter",1,"Pygoderma_bilabiatum",0
"525",7,"Winter",2,"Pygoderma_bilabiatum",0
"512",8,"Winter",1,"Pygoderma_bilabiatum",0
"526",8,"Winter",2,"Pygoderma_bilabiatum",0
"513",9,"Winter",1,"Pygoderma_bilabiatum",0
"527",9,"Winter",2,"Pygoderma_bilabiatum",0
"514",10,"Winter",1,"Pygoderma_bilabiatum",NA
"528",10,"Winter",2,"Pygoderma_bilabiatum",NA
"515",11,"Winter",1,"Pygoderma_bilabiatum",0
"529",11,"Winter",2,"Pygoderma_bilabiatum",1
"516",12,"Winter",1,"Pygoderma_bilabiatum",0
"530",12,"Winter",2,"Pygoderma_bilabiatum",0
"517",13,"Winter",1,"Pygoderma_bilabiatum",0
"531",13,"Winter",2,"Pygoderma_bilabiatum",1
"518",14,"Winter",1,"Pygoderma_bilabiatum",0
"532",14,"Winter",2,"Pygoderma_bilabiatum",0
"1289",1,"Summer",1,"Sturnira_lilium",0
"1303",1,"Summer",2,"Sturnira_lilium",0
"1290",2,"Summer",1,"Sturnira_lilium",0
"1304",2,"Summer",2,"Sturnira_lilium",0
"1291",3,"Summer",1,"Sturnira_lilium",0
"1305",3,"Summer",2,"Sturnira_lilium",1
"1292",4,"Summer",1,"Sturnira_lilium",4
"1306",4,"Summer",2,"Sturnira_lilium",5
"1293",5,"Summer",1,"Sturnira_lilium",0
"1307",5,"Summer",2,"Sturnira_lilium",1
"1294",6,"Summer",1,"Sturnira_lilium",1
"1308",6,"Summer",2,"Sturnira_lilium",0
"1295",7,"Summer",1,"Sturnira_lilium",1
"1309",7,"Summer",2,"Sturnira_lilium",5
"1296",8,"Summer",1,"Sturnira_lilium",5
"1310",8,"Summer",2,"Sturnira_lilium",7
"1297",9,"Summer",1,"Sturnira_lilium",5
"1311",9,"Summer",2,"Sturnira_lilium",0
"1298",10,"Summer",1,"Sturnira_lilium",9
"1312",10,"Summer",2,"Sturnira_lilium",9
"1299",11,"Summer",1,"Sturnira_lilium",14
"1313",11,"Summer",2,"Sturnira_lilium",0
"1300",12,"Summer",1,"Sturnira_lilium",1
"1314",12,"Summer",2,"Sturnira_lilium",3
"1301",13,"Summer",1,"Sturnira_lilium",12
"1315",13,"Summer",2,"Sturnira_lilium",19
"1302",14,"Summer",1,"Sturnira_lilium",2
"1316",14,"Summer",2,"Sturnira_lilium",0
"533",1,"Winter",1,"Sturnira_lilium",0
"547",1,"Winter",2,"Sturnira_lilium",0
"534",2,"Winter",1,"Sturnira_lilium",0
"548",2,"Winter",2,"Sturnira_lilium",0
"535",3,"Winter",1,"Sturnira_lilium",NA
"549",3,"Winter",2,"Sturnira_lilium",NA
"536",4,"Winter",1,"Sturnira_lilium",0
"550",4,"Winter",2,"Sturnira_lilium",0
"537",5,"Winter",1,"Sturnira_lilium",0
"551",5,"Winter",2,"Sturnira_lilium",0
"538",6,"Winter",1,"Sturnira_lilium",NA
"552",6,"Winter",2,"Sturnira_lilium",NA
"539",7,"Winter",1,"Sturnira_lilium",5
"553",7,"Winter",2,"Sturnira_lilium",2
"540",8,"Winter",1,"Sturnira_lilium",0
"554",8,"Winter",2,"Sturnira_lilium",0
"541",9,"Winter",1,"Sturnira_lilium",2
"555",9,"Winter",2,"Sturnira_lilium",0
"542",10,"Winter",1,"Sturnira_lilium",NA
"556",10,"Winter",2,"Sturnira_lilium",NA
"543",11,"Winter",1,"Sturnira_lilium",1
"557",11,"Winter",2,"Sturnira_lilium",2
"544",12,"Winter",1,"Sturnira_lilium",1
"558",12,"Winter",2,"Sturnira_lilium",0
"545",13,"Winter",1,"Sturnira_lilium",5
"559",13,"Winter",2,"Sturnira_lilium",4
"546",14,"Winter",1,"Sturnira_lilium",1
"560",14,"Winter",2,"Sturnira_lilium",0
"1317",1,"Summer",1,"Vampyressa_pusilla",0
"1331",1,"Summer",2,"Vampyressa_pusilla",0
"1318",2,"Summer",1,"Vampyressa_pusilla",0
"1332",2,"Summer",2,"Vampyressa_pusilla",0
"1319",3,"Summer",1,"Vampyressa_pusilla",0
"1333",3,"Summer",2,"Vampyressa_pusilla",0
"1320",4,"Summer",1,"Vampyressa_pusilla",0
"1334",4,"Summer",2,"Vampyressa_pusilla",0
"1321",5,"Summer",1,"Vampyressa_pusilla",0
"1335",5,"Summer",2,"Vampyressa_pusilla",0
"1322",6,"Summer",1,"Vampyressa_pusilla",0
"1336",6,"Summer",2,"Vampyressa_pusilla",0
"1323",7,"Summer",1,"Vampyressa_pusilla",0
"1337",7,"Summer",2,"Vampyressa_pusilla",0
"1324",8,"Summer",1,"Vampyressa_pusilla",0
"1338",8,"Summer",2,"Vampyressa_pusilla",0
"1325",9,"Summer",1,"Vampyressa_pusilla",0
"1339",9,"Summer",2,"Vampyressa_pusilla",0
"1326",10,"Summer",1,"Vampyressa_pusilla",0
"1340",10,"Summer",2,"Vampyressa_pusilla",1
"1327",11,"Summer",1,"Vampyressa_pusilla",0
"1341",11,"Summer",2,"Vampyressa_pusilla",1
"1328",12,"Summer",1,"Vampyressa_pusilla",0
"1342",12,"Summer",2,"Vampyressa_pusilla",0
"1329",13,"Summer",1,"Vampyressa_pusilla",1
"1343",13,"Summer",2,"Vampyressa_pusilla",1
"1330",14,"Summer",1,"Vampyressa_pusilla",0
"1344",14,"Summer",2,"Vampyressa_pusilla",0
"561",1,"Winter",1,"Vampyressa_pusilla",0
"575",1,"Winter",2,"Vampyressa_pusilla",0
"562",2,"Winter",1,"Vampyressa_pusilla",0
"576",2,"Winter",2,"Vampyressa_pusilla",0
"563",3,"Winter",1,"Vampyressa_pusilla",NA
"577",3,"Winter",2,"Vampyressa_pusilla",NA
"564",4,"Winter",1,"Vampyressa_pusilla",0
"578",4,"Winter",2,"Vampyressa_pusilla",0
"565",5,"Winter",1,"Vampyressa_pusilla",0
"579",5,"Winter",2,"Vampyressa_pusilla",0
"566",6,"Winter",1,"Vampyressa_pusilla",NA
"580",6,"Winter",2,"Vampyressa_pusilla",NA
"567",7,"Winter",1,"Vampyressa_pusilla",0
"581",7,"Winter",2,"Vampyressa_pusilla",0
"568",8,"Winter",1,"Vampyressa_pusilla",0
"582",8,"Winter",2,"Vampyressa_pusilla",0
"569",9,"Winter",1,"Vampyressa_pusilla",0
"583",9,"Winter",2,"Vampyressa_pusilla",0
"570",10,"Winter",1,"Vampyressa_pusilla",NA
"584",10,"Winter",2,"Vampyressa_pusilla",NA
"571",11,"Winter",1,"Vampyressa_pusilla",0
"585",11,"Winter",2,"Vampyressa_pusilla",0
"572",12,"Winter",1,"Vampyressa_pusilla",0
"586",12,"Winter",2,"Vampyressa_pusilla",0
"573",13,"Winter",1,"Vampyressa_pusilla",0
"587",13,"Winter",2,"Vampyressa_pusilla",0
"574",14,"Winter",1,"Vampyressa_pusilla",0
"588",14,"Winter",2,"Vampyressa_pusilla",0
"1345",1,"Summer",1,"Tadarida_brasiliensis",NA
"1359",1,"Summer",2,"Tadarida_brasiliensis",NA
"1346",2,"Summer",1,"Tadarida_brasiliensis",NA
"1360",2,"Summer",2,"Tadarida_brasiliensis",NA
"1347",3,"Summer",1,"Tadarida_brasiliensis",NA
"1361",3,"Summer",2,"Tadarida_brasiliensis",NA
"1348",4,"Summer",1,"Tadarida_brasiliensis",NA
"1362",4,"Summer",2,"Tadarida_brasiliensis",NA
"1349",5,"Summer",1,"Tadarida_brasiliensis",NA
"1363",5,"Summer",2,"Tadarida_brasiliensis",NA
"1350",6,"Summer",1,"Tadarida_brasiliensis",NA
"1364",6,"Summer",2,"Tadarida_brasiliensis",NA
"1351",7,"Summer",1,"Tadarida_brasiliensis",NA
"1365",7,"Summer",2,"Tadarida_brasiliensis",NA
"1352",8,"Summer",1,"Tadarida_brasiliensis",NA
"1366",8,"Summer",2,"Tadarida_brasiliensis",NA
"1353",9,"Summer",1,"Tadarida_brasiliensis",NA
"1367",9,"Summer",2,"Tadarida_brasiliensis",NA
"1354",10,"Summer",1,"Tadarida_brasiliensis",NA
"1368",10,"Summer",2,"Tadarida_brasiliensis",NA
"1355",11,"Summer",1,"Tadarida_brasiliensis",NA
"1369",11,"Summer",2,"Tadarida_brasiliensis",NA
"1356",12,"Summer",1,"Tadarida_brasiliensis",NA
"1370",12,"Summer",2,"Tadarida_brasiliensis",NA
"1357",13,"Summer",1,"Tadarida_brasiliensis",NA
"1371",13,"Summer",2,"Tadarida_brasiliensis",NA
"1358",14,"Summer",1,"Tadarida_brasiliensis",NA
"1372",14,"Summer",2,"Tadarida_brasiliensis",NA
"589",1,"Winter",1,"Tadarida_brasiliensis",NA
"603",1,"Winter",2,"Tadarida_brasiliensis",NA
"590",2,"Winter",1,"Tadarida_brasiliensis",NA
"604",2,"Winter",2,"Tadarida_brasiliensis",NA
"591",3,"Winter",1,"Tadarida_brasiliensis",NA
"605",3,"Winter",2,"Tadarida_brasiliensis",NA
"592",4,"Winter",1,"Tadarida_brasiliensis",NA
"606",4,"Winter",2,"Tadarida_brasiliensis",NA
"593",5,"Winter",1,"Tadarida_brasiliensis",NA
"607",5,"Winter",2,"Tadarida_brasiliensis",NA
"594",6,"Winter",1,"Tadarida_brasiliensis",NA
"608",6,"Winter",2,"Tadarida_brasiliensis",NA
"595",7,"Winter",1,"Tadarida_brasiliensis",NA
"609",7,"Winter",2,"Tadarida_brasiliensis",NA
"596",8,"Winter",1,"Tadarida_brasiliensis",NA
"610",8,"Winter",2,"Tadarida_brasiliensis",NA
"597",9,"Winter",1,"Tadarida_brasiliensis",NA
"611",9,"Winter",2,"Tadarida_brasiliensis",NA
"598",10,"Winter",1,"Tadarida_brasiliensis",NA
"612",10,"Winter",2,"Tadarida_brasiliensis",NA
"599",11,"Winter",1,"Tadarida_brasiliensis",NA
"613",11,"Winter",2,"Tadarida_brasiliensis",NA
"600",12,"Winter",1,"Tadarida_brasiliensis",NA
"614",12,"Winter",2,"Tadarida_brasiliensis",NA
"601",13,"Winter",1,"Tadarida_brasiliensis",NA
"615",13,"Winter",2,"Tadarida_brasiliensis",NA
"602",14,"Winter",1,"Tadarida_brasiliensis",NA
"616",14,"Winter",2,"Tadarida_brasiliensis",NA
"1373",1,"Summer",1,"Eumops_spp",NA
"1387",1,"Summer",2,"Eumops_spp",NA
"1374",2,"Summer",1,"Eumops_spp",NA
"1388",2,"Summer",2,"Eumops_spp",NA
"1375",3,"Summer",1,"Eumops_spp",NA
"1389",3,"Summer",2,"Eumops_spp",NA
"1376",4,"Summer",1,"Eumops_spp",NA
"1390",4,"Summer",2,"Eumops_spp",NA
"1377",5,"Summer",1,"Eumops_spp",NA
"1391",5,"Summer",2,"Eumops_spp",NA
"1378",6,"Summer",1,"Eumops_spp",NA
"1392",6,"Summer",2,"Eumops_spp",NA
"1379",7,"Summer",1,"Eumops_spp",NA
"1393",7,"Summer",2,"Eumops_spp",NA
"1380",8,"Summer",1,"Eumops_spp",NA
"1394",8,"Summer",2,"Eumops_spp",NA
"1381",9,"Summer",1,"Eumops_spp",NA
"1395",9,"Summer",2,"Eumops_spp",NA
"1382",10,"Summer",1,"Eumops_spp",NA
"1396",10,"Summer",2,"Eumops_spp",NA
"1383",11,"Summer",1,"Eumops_spp",NA
"1397",11,"Summer",2,"Eumops_spp",NA
"1384",12,"Summer",1,"Eumops_spp",NA
"1398",12,"Summer",2,"Eumops_spp",NA
"1385",13,"Summer",1,"Eumops_spp",NA
"1399",13,"Summer",2,"Eumops_spp",NA
"1386",14,"Summer",1,"Eumops_spp",NA
"1400",14,"Summer",2,"Eumops_spp",NA
"617",1,"Winter",1,"Eumops_spp",NA
"631",1,"Winter",2,"Eumops_spp",NA
"618",2,"Winter",1,"Eumops_spp",NA
"632",2,"Winter",2,"Eumops_spp",NA
"619",3,"Winter",1,"Eumops_spp",NA
"633",3,"Winter",2,"Eumops_spp",NA
"620",4,"Winter",1,"Eumops_spp",NA
"634",4,"Winter",2,"Eumops_spp",NA
"621",5,"Winter",1,"Eumops_spp",NA
"635",5,"Winter",2,"Eumops_spp",NA
"622",6,"Winter",1,"Eumops_spp",NA
"636",6,"Winter",2,"Eumops_spp",NA
"623",7,"Winter",1,"Eumops_spp",NA
"637",7,"Winter",2,"Eumops_spp",NA
"624",8,"Winter",1,"Eumops_spp",NA
"638",8,"Winter",2,"Eumops_spp",NA
"625",9,"Winter",1,"Eumops_spp",NA
"639",9,"Winter",2,"Eumops_spp",NA
"626",10,"Winter",1,"Eumops_spp",NA
"640",10,"Winter",2,"Eumops_spp",NA
"627",11,"Winter",1,"Eumops_spp",NA
"641",11,"Winter",2,"Eumops_spp",NA
"628",12,"Winter",1,"Eumops_spp",NA
"642",12,"Winter",2,"Eumops_spp",NA
"629",13,"Winter",1,"Eumops_spp",NA
"643",13,"Winter",2,"Eumops_spp",NA
"630",14,"Winter",1,"Eumops_spp",NA
"644",14,"Winter",2,"Eumops_spp",NA
"1401",1,"Summer",1,"Molossus_rufus",NA
"1415",1,"Summer",2,"Molossus_rufus",NA
"1402",2,"Summer",1,"Molossus_rufus",NA
"1416",2,"Summer",2,"Molossus_rufus",NA
"1403",3,"Summer",1,"Molossus_rufus",NA
"1417",3,"Summer",2,"Molossus_rufus",NA
"1404",4,"Summer",1,"Molossus_rufus",NA
"1418",4,"Summer",2,"Molossus_rufus",NA
"1405",5,"Summer",1,"Molossus_rufus",NA
"1419",5,"Summer",2,"Molossus_rufus",NA
"1406",6,"Summer",1,"Molossus_rufus",NA
"1420",6,"Summer",2,"Molossus_rufus",NA
"1407",7,"Summer",1,"Molossus_rufus",NA
"1421",7,"Summer",2,"Molossus_rufus",NA
"1408",8,"Summer",1,"Molossus_rufus",NA
"1422",8,"Summer",2,"Molossus_rufus",NA
"1409",9,"Summer",1,"Molossus_rufus",NA
"1423",9,"Summer",2,"Molossus_rufus",NA
"1410",10,"Summer",1,"Molossus_rufus",NA
"1424",10,"Summer",2,"Molossus_rufus",NA
"1411",11,"Summer",1,"Molossus_rufus",NA
"1425",11,"Summer",2,"Molossus_rufus",NA
"1412",12,"Summer",1,"Molossus_rufus",NA
"1426",12,"Summer",2,"Molossus_rufus",NA
"1413",13,"Summer",1,"Molossus_rufus",NA
"1427",13,"Summer",2,"Molossus_rufus",NA
"1414",14,"Summer",1,"Molossus_rufus",NA
"1428",14,"Summer",2,"Molossus_rufus",NA
"645",1,"Winter",1,"Molossus_rufus",NA
"659",1,"Winter",2,"Molossus_rufus",NA
"646",2,"Winter",1,"Molossus_rufus",NA
"660",2,"Winter",2,"Molossus_rufus",NA
"647",3,"Winter",1,"Molossus_rufus",NA
"661",3,"Winter",2,"Molossus_rufus",NA
"648",4,"Winter",1,"Molossus_rufus",NA
"662",4,"Winter",2,"Molossus_rufus",NA
"649",5,"Winter",1,"Molossus_rufus",NA
"663",5,"Winter",2,"Molossus_rufus",NA
"650",6,"Winter",1,"Molossus_rufus",NA
"664",6,"Winter",2,"Molossus_rufus",NA
"651",7,"Winter",1,"Molossus_rufus",NA
"665",7,"Winter",2,"Molossus_rufus",NA
"652",8,"Winter",1,"Molossus_rufus",NA
"666",8,"Winter",2,"Molossus_rufus",NA
"653",9,"Winter",1,"Molossus_rufus",NA
"667",9,"Winter",2,"Molossus_rufus",NA
"654",10,"Winter",1,"Molossus_rufus",NA
"668",10,"Winter",2,"Molossus_rufus",NA
"655",11,"Winter",1,"Molossus_rufus",NA
"669",11,"Winter",2,"Molossus_rufus",NA
"656",12,"Winter",1,"Molossus_rufus",NA
"670",12,"Winter",2,"Molossus_rufus",NA
"657",13,"Winter",1,"Molossus_rufus",NA
"671",13,"Winter",2,"Molossus_rufus",NA
"658",14,"Winter",1,"Molossus_rufus",NA
"672",14,"Winter",2,"Molossus_rufus",NA
"1429",1,"Summer",1,"Promops_centralis",NA
"1443",1,"Summer",2,"Promops_centralis",NA
"1430",2,"Summer",1,"Promops_centralis",NA
"1444",2,"Summer",2,"Promops_centralis",NA
"1431",3,"Summer",1,"Promops_centralis",NA
"1445",3,"Summer",2,"Promops_centralis",NA
"1432",4,"Summer",1,"Promops_centralis",NA
"1446",4,"Summer",2,"Promops_centralis",NA
"1433",5,"Summer",1,"Promops_centralis",NA
"1447",5,"Summer",2,"Promops_centralis",NA
"1434",6,"Summer",1,"Promops_centralis",NA
"1448",6,"Summer",2,"Promops_centralis",NA
"1435",7,"Summer",1,"Promops_centralis",NA
"1449",7,"Summer",2,"Promops_centralis",NA
"1436",8,"Summer",1,"Promops_centralis",NA
"1450",8,"Summer",2,"Promops_centralis",NA
"1437",9,"Summer",1,"Promops_centralis",NA
"1451",9,"Summer",2,"Promops_centralis",NA
"1438",10,"Summer",1,"Promops_centralis",NA
"1452",10,"Summer",2,"Promops_centralis",NA
"1439",11,"Summer",1,"Promops_centralis",NA
"1453",11,"Summer",2,"Promops_centralis",NA
"1440",12,"Summer",1,"Promops_centralis",NA
"1454",12,"Summer",2,"Promops_centralis",NA
"1441",13,"Summer",1,"Promops_centralis",NA
"1455",13,"Summer",2,"Promops_centralis",NA
"1442",14,"Summer",1,"Promops_centralis",NA
"1456",14,"Summer",2,"Promops_centralis",NA
"673",1,"Winter",1,"Promops_centralis",NA
"687",1,"Winter",2,"Promops_centralis",NA
"674",2,"Winter",1,"Promops_centralis",NA
"688",2,"Winter",2,"Promops_centralis",NA
"675",3,"Winter",1,"Promops_centralis",NA
"689",3,"Winter",2,"Promops_centralis",NA
"676",4,"Winter",1,"Promops_centralis",NA
"690",4,"Winter",2,"Promops_centralis",NA
"677",5,"Winter",1,"Promops_centralis",NA
"691",5,"Winter",2,"Promops_centralis",NA
"678",6,"Winter",1,"Promops_centralis",NA
"692",6,"Winter",2,"Promops_centralis",NA
"679",7,"Winter",1,"Promops_centralis",NA
"693",7,"Winter",2,"Promops_centralis",NA
"680",8,"Winter",1,"Promops_centralis",NA
"694",8,"Winter",2,"Promops_centralis",NA
"681",9,"Winter",1,"Promops_centralis",NA
"695",9,"Winter",2,"Promops_centralis",NA
"682",10,"Winter",1,"Promops_centralis",NA
"696",10,"Winter",2,"Promops_centralis",NA
"683",11,"Winter",1,"Promops_centralis",NA
"697",11,"Winter",2,"Promops_centralis",NA
"684",12,"Winter",1,"Promops_centralis",NA
"698",12,"Winter",2,"Promops_centralis",NA
"685",13,"Winter",1,"Promops_centralis",NA
"699",13,"Winter",2,"Promops_centralis",NA
"686",14,"Winter",1,"Promops_centralis",NA
"700",14,"Winter",2,"Promops_centralis",NA
"1457",1,"Summer",1,"Lasiurus_spp",NA
"1471",1,"Summer",2,"Lasiurus_spp",NA
"1458",2,"Summer",1,"Lasiurus_spp",NA
"1472",2,"Summer",2,"Lasiurus_spp",NA
"1459",3,"Summer",1,"Lasiurus_spp",NA
"1473",3,"Summer",2,"Lasiurus_spp",NA
"1460",4,"Summer",1,"Lasiurus_spp",NA
"1474",4,"Summer",2,"Lasiurus_spp",NA
"1461",5,"Summer",1,"Lasiurus_spp",NA
"1475",5,"Summer",2,"Lasiurus_spp",NA
"1462",6,"Summer",1,"Lasiurus_spp",NA
"1476",6,"Summer",2,"Lasiurus_spp",NA
"1463",7,"Summer",1,"Lasiurus_spp",NA
"1477",7,"Summer",2,"Lasiurus_spp",NA
"1464",8,"Summer",1,"Lasiurus_spp",NA
"1478",8,"Summer",2,"Lasiurus_spp",NA
"1465",9,"Summer",1,"Lasiurus_spp",NA
"1479",9,"Summer",2,"Lasiurus_spp",NA
"1466",10,"Summer",1,"Lasiurus_spp",NA
"1480",10,"Summer",2,"Lasiurus_spp",NA
"1467",11,"Summer",1,"Lasiurus_spp",NA
"1481",11,"Summer",2,"Lasiurus_spp",NA
"1468",12,"Summer",1,"Lasiurus_spp",NA
"1482",12,"Summer",2,"Lasiurus_spp",NA
"1469",13,"Summer",1,"Lasiurus_spp",NA
"1483",13,"Summer",2,"Lasiurus_spp",NA
"1470",14,"Summer",1,"Lasiurus_spp",NA
"1484",14,"Summer",2,"Lasiurus_spp",NA
"701",1,"Winter",1,"Lasiurus_spp",NA
"715",1,"Winter",2,"Lasiurus_spp",NA
"702",2,"Winter",1,"Lasiurus_spp",NA
"716",2,"Winter",2,"Lasiurus_spp",NA
"703",3,"Winter",1,"Lasiurus_spp",NA
"717",3,"Winter",2,"Lasiurus_spp",NA
"704",4,"Winter",1,"Lasiurus_spp",NA
"718",4,"Winter",2,"Lasiurus_spp",NA
"705",5,"Winter",1,"Lasiurus_spp",NA
"719",5,"Winter",2,"Lasiurus_spp",NA
"706",6,"Winter",1,"Lasiurus_spp",NA
"720",6,"Winter",2,"Lasiurus_spp",NA
"707",7,"Winter",1,"Lasiurus_spp",NA
"721",7,"Winter",2,"Lasiurus_spp",NA
"708",8,"Winter",1,"Lasiurus_spp",NA
"722",8,"Winter",2,"Lasiurus_spp",NA
"709",9,"Winter",1,"Lasiurus_spp",NA
"723",9,"Winter",2,"Lasiurus_spp",NA
"710",10,"Winter",1,"Lasiurus_spp",NA
"724",10,"Winter",2,"Lasiurus_spp",NA
"711",11,"Winter",1,"Lasiurus_spp",NA
"725",11,"Winter",2,"Lasiurus_spp",NA
"712",12,"Winter",1,"Lasiurus_spp",NA
"726",12,"Winter",2,"Lasiurus_spp",NA
"713",13,"Winter",1,"Lasiurus_spp",NA
"727",13,"Winter",2,"Lasiurus_spp",NA
"714",14,"Winter",1,"Lasiurus_spp",NA
"728",14,"Winter",2,"Lasiurus_spp",NA
"1485",1,"Summer",1,"Lasiurus_blossevillii",NA
"1499",1,"Summer",2,"Lasiurus_blossevillii",NA
"1486",2,"Summer",1,"Lasiurus_blossevillii",NA
"1500",2,"Summer",2,"Lasiurus_blossevillii",NA
"1487",3,"Summer",1,"Lasiurus_blossevillii",NA
"1501",3,"Summer",2,"Lasiurus_blossevillii",NA
"1488",4,"Summer",1,"Lasiurus_blossevillii",NA
"1502",4,"Summer",2,"Lasiurus_blossevillii",NA
"1489",5,"Summer",1,"Lasiurus_blossevillii",NA
"1503",5,"Summer",2,"Lasiurus_blossevillii",NA
"1490",6,"Summer",1,"Lasiurus_blossevillii",NA
"1504",6,"Summer",2,"Lasiurus_blossevillii",NA
"1491",7,"Summer",1,"Lasiurus_blossevillii",NA
"1505",7,"Summer",2,"Lasiurus_blossevillii",NA
"1492",8,"Summer",1,"Lasiurus_blossevillii",NA
"1506",8,"Summer",2,"Lasiurus_blossevillii",NA
"1493",9,"Summer",1,"Lasiurus_blossevillii",NA
"1507",9,"Summer",2,"Lasiurus_blossevillii",NA
"1494",10,"Summer",1,"Lasiurus_blossevillii",NA
"1508",10,"Summer",2,"Lasiurus_blossevillii",NA
"1495",11,"Summer",1,"Lasiurus_blossevillii",NA
"1509",11,"Summer",2,"Lasiurus_blossevillii",NA
"1496",12,"Summer",1,"Lasiurus_blossevillii",NA
"1510",12,"Summer",2,"Lasiurus_blossevillii",NA
"1497",13,"Summer",1,"Lasiurus_blossevillii",NA
"1511",13,"Summer",2,"Lasiurus_blossevillii",NA
"1498",14,"Summer",1,"Lasiurus_blossevillii",NA
"1512",14,"Summer",2,"Lasiurus_blossevillii",NA
"729",1,"Winter",1,"Lasiurus_blossevillii",NA
"743",1,"Winter",2,"Lasiurus_blossevillii",NA
"730",2,"Winter",1,"Lasiurus_blossevillii",NA
"744",2,"Winter",2,"Lasiurus_blossevillii",NA
"731",3,"Winter",1,"Lasiurus_blossevillii",NA
"745",3,"Winter",2,"Lasiurus_blossevillii",NA
"732",4,"Winter",1,"Lasiurus_blossevillii",NA
"746",4,"Winter",2,"Lasiurus_blossevillii",NA
"733",5,"Winter",1,"Lasiurus_blossevillii",NA
"747",5,"Winter",2,"Lasiurus_blossevillii",NA
"734",6,"Winter",1,"Lasiurus_blossevillii",NA
"748",6,"Winter",2,"Lasiurus_blossevillii",NA
"735",7,"Winter",1,"Lasiurus_blossevillii",NA
"749",7,"Winter",2,"Lasiurus_blossevillii",NA
"736",8,"Winter",1,"Lasiurus_blossevillii",NA
"750",8,"Winter",2,"Lasiurus_blossevillii",NA
"737",9,"Winter",1,"Lasiurus_blossevillii",NA
"751",9,"Winter",2,"Lasiurus_blossevillii",NA
"738",10,"Winter",1,"Lasiurus_blossevillii",NA
"752",10,"Winter",2,"Lasiurus_blossevillii",NA
"739",11,"Winter",1,"Lasiurus_blossevillii",NA
"753",11,"Winter",2,"Lasiurus_blossevillii",NA
"740",12,"Winter",1,"Lasiurus_blossevillii",NA
"754",12,"Winter",2,"Lasiurus_blossevillii",NA
"741",13,"Winter",1,"Lasiurus_blossevillii",NA
"755",13,"Winter",2,"Lasiurus_blossevillii",NA
"742",14,"Winter",1,"Lasiurus_blossevillii",NA
"756",14,"Winter",2,"Lasiurus_blossevillii",NA
